gadm_id0_1	gadm_id1_1	gadm_id0_2	gadm_id1_2	n
35	1	35	2	1
35	1	226	3	2
35	2	35	1	1
35	2	35	4	1
35	2	106	4	1
35	2	106	8	1
35	2	106	10	1
35	2	106	12	3
35	2	106	16	1
35	2	136	1	6
35	2	136	4	1
35	2	136	5	1
35	2	136	7	2
35	2	136	9	3
35	2	136	10	3
35	2	136	12	26
35	2	136	13	2
35	2	177	47	2
35	2	203	0	22
35	2	226	3	5
35	2	226	9	2
35	2	226	36	1
35	2	247	2	1
35	4	35	2	1
39	2	39	16	9
39	2	39	24	1
39	2	226	3	1
39	2	247	4	1
39	3	39	16	6
39	3	39	24	2
39	3	203	0	1
39	5	39	16	1
39	6	226	16	1
39	9	39	16	1
39	11	39	16	1
39	11	123	13	1
39	12	226	70	1
39	12	247	4	1
39	13	39	16	5
39	13	39	19	1
39	13	106	8	1
39	13	136	12	2
39	13	226	3	1
39	13	226	18	1
39	13	226	35	1
39	13	247	4	2
39	16	39	2	9
39	16	39	3	6
39	16	39	5	1
39	16	39	9	1
39	16	39	11	1
39	16	39	13	5
39	16	39	17	2
39	16	39	19	3
39	16	39	20	2
39	16	39	21	6
39	16	39	23	2
39	16	39	24	3
39	16	106	2	3
39	16	106	8	18
39	16	106	10	13
39	16	106	21	3
39	16	123	8	1
39	16	123	13	29
39	16	136	2	1
39	16	136	9	6
39	16	136	10	3
39	16	136	12	14
39	16	154	1	1
39	16	154	8	2
39	16	154	14	6
39	16	177	25	1
39	16	177	28	3
39	16	177	36	1
39	16	177	43	1
39	16	177	47	26
39	16	177	55	1
39	16	203	0	13
39	16	226	3	70
39	16	226	9	12
39	16	226	10	1
39	16	226	11	1
39	16	226	16	9
39	16	226	23	1
39	16	226	26	3
39	16	226	32	1
39	16	226	35	13
39	16	226	36	4
39	16	226	45	1
39	16	226	48	1
39	16	226	53	1
39	16	226	65	2
39	16	226	70	4
39	16	226	73	2
39	16	247	1	9
39	16	247	2	37
39	16	247	4	19
39	16	247	5	1
39	16	247	6	3
39	17	39	16	2
39	19	39	13	1
39	19	39	16	3
39	20	39	16	2
39	21	39	16	6
39	21	39	23	1
39	21	106	8	1
39	21	106	26	1
39	21	123	13	1
39	21	136	9	2
39	21	136	12	2
39	21	177	47	1
39	21	177	52	1
39	21	226	3	2
39	21	226	9	1
39	21	247	4	1
39	22	226	36	1
39	23	39	16	2
39	23	39	21	1
39	23	247	4	1
39	24	39	2	1
39	24	39	3	2
39	24	39	16	3
106	1	106	2	3
106	1	106	4	4
106	1	106	8	12
106	1	106	10	19
106	1	106	11	2
106	1	106	12	4
106	1	106	19	1
106	1	106	21	1
106	1	106	30	1
106	1	106	32	1
106	1	106	33	4
106	1	136	1	4
106	1	136	7	1
106	1	136	9	7
106	1	136	10	1
106	1	136	12	15
106	1	177	37	1
106	1	177	47	1
106	1	203	0	2
106	1	226	3	1
106	1	226	15	1
106	1	247	4	1
106	2	39	16	3
106	2	106	1	3
106	2	106	4	4
106	2	106	6	2
106	2	106	7	3
106	2	106	8	29
106	2	106	10	11
106	2	106	11	10
106	2	106	12	12
106	2	106	16	2
106	2	106	21	7
106	2	106	22	2
106	2	106	26	9
106	2	106	30	2
106	2	106	31	1
106	2	106	32	3
106	2	106	33	2
106	2	136	7	1
106	2	136	9	2
106	2	136	10	2
106	2	136	12	2
106	2	136	13	1
106	2	177	28	1
106	2	177	36	1
106	2	177	47	1
106	2	177	52	1
106	2	203	0	4
106	2	226	3	10
106	2	226	9	3
106	2	226	10	2
106	2	226	16	1
106	2	226	17	1
106	2	226	18	1
106	2	226	53	1
106	2	226	54	1
106	2	247	1	1
106	2	247	2	1
106	2	247	4	1
106	3	106	6	1
106	3	106	8	1
106	3	106	10	1
106	3	136	7	1
106	3	136	12	3
106	3	203	0	1
106	4	35	2	1
106	4	106	1	4
106	4	106	2	4
106	4	106	7	1
106	4	106	8	36
106	4	106	10	52
106	4	106	11	5
106	4	106	12	7
106	4	106	18	1
106	4	106	21	3
106	4	106	23	2
106	4	106	26	8
106	4	106	30	4
106	4	106	31	1
106	4	106	32	1
106	4	106	33	3
106	4	136	1	3
106	4	136	9	3
106	4	136	12	10
106	4	154	14	1
106	4	177	36	1
106	4	177	40	1
106	4	177	44	1
106	4	177	47	2
106	4	203	0	2
106	4	226	3	4
106	4	226	36	1
106	4	247	2	2
106	5	106	10	4
106	5	106	12	1
106	5	106	18	1
106	5	106	30	1
106	5	106	31	1
106	5	136	12	2
106	6	106	2	2
106	6	106	3	1
106	6	106	10	4
106	6	106	11	4
106	6	106	26	3
106	6	106	29	2
106	6	106	30	2
106	6	106	32	1
106	6	136	10	2
106	6	136	12	2
106	6	154	14	1
106	6	177	24	2
106	6	177	47	2
106	6	226	3	2
106	7	106	2	3
106	7	106	4	1
106	7	106	8	3
106	7	106	10	5
106	7	106	11	1
106	7	106	12	1
106	7	106	23	2
106	7	106	33	2
106	7	123	13	1
106	7	136	9	1
106	7	136	11	1
106	7	154	14	1
106	7	177	40	1
106	7	226	16	1
106	8	35	2	1
106	8	39	13	1
106	8	39	16	18
106	8	39	21	1
106	8	106	1	12
106	8	106	2	29
106	8	106	3	1
106	8	106	4	36
106	8	106	7	3
106	8	106	9	3
106	8	106	10	231
106	8	106	11	23
106	8	106	12	38
106	8	106	13	9
106	8	106	14	6
106	8	106	15	4
106	8	106	16	7
106	8	106	17	1
106	8	106	18	3
106	8	106	20	2
106	8	106	21	19
106	8	106	22	12
106	8	106	23	22
106	8	106	24	4
106	8	106	26	41
106	8	106	27	3
106	8	106	28	4
106	8	106	29	5
106	8	106	30	11
106	8	106	31	6
106	8	106	32	20
106	8	106	33	55
106	8	123	13	8
106	8	136	1	7
106	8	136	2	1
106	8	136	3	1
106	8	136	4	2
106	8	136	6	2
106	8	136	7	3
106	8	136	9	12
106	8	136	10	10
106	8	136	11	6
106	8	136	12	89
106	8	154	8	2
106	8	154	14	5
106	8	177	5	1
106	8	177	13	1
106	8	177	16	1
106	8	177	17	1
106	8	177	25	3
106	8	177	28	2
106	8	177	36	2
106	8	177	37	1
106	8	177	39	2
106	8	177	40	7
106	8	177	43	1
106	8	177	46	1
106	8	177	47	86
106	8	177	51	2
106	8	177	52	1
106	8	177	53	1
106	8	177	59	1
106	8	177	81	1
106	8	177	82	1
106	8	203	0	72
106	8	226	3	114
106	8	226	9	5
106	8	226	10	1
106	8	226	15	1
106	8	226	16	3
106	8	226	18	1
106	8	226	26	2
106	8	226	35	13
106	8	226	36	4
106	8	226	41	3
106	8	226	43	1
106	8	226	48	2
106	8	226	65	5
106	8	226	70	2
106	8	247	1	4
106	8	247	2	42
106	8	247	3	1
106	8	247	4	15
106	8	247	6	1
106	9	106	8	3
106	9	106	10	3
106	9	106	11	2
106	9	106	12	2
106	9	106	13	1
106	9	106	24	1
106	9	106	30	1
106	9	106	31	2
106	9	203	0	1
106	9	226	9	1
106	10	35	2	1
106	10	39	16	13
106	10	106	1	19
106	10	106	2	11
106	10	106	3	1
106	10	106	4	52
106	10	106	5	4
106	10	106	6	4
106	10	106	7	5
106	10	106	8	231
106	10	106	9	3
106	10	106	11	40
106	10	106	12	69
106	10	106	13	18
106	10	106	14	7
106	10	106	15	6
106	10	106	16	17
106	10	106	18	8
106	10	106	20	3
106	10	106	21	3
106	10	106	22	7
106	10	106	23	3
106	10	106	24	5
106	10	106	26	16
106	10	106	27	14
106	10	106	28	6
106	10	106	29	13
106	10	106	30	16
106	10	106	31	11
106	10	106	32	22
106	10	106	33	47
106	10	123	8	2
106	10	123	13	6
106	10	136	1	14
106	10	136	2	1
106	10	136	4	1
106	10	136	6	4
106	10	136	7	2
106	10	136	9	8
106	10	136	10	6
106	10	136	11	2
106	10	136	12	87
106	10	136	13	4
106	10	154	8	1
106	10	154	14	2
106	10	177	17	1
106	10	177	25	2
106	10	177	28	3
106	10	177	40	6
106	10	177	47	37
106	10	177	51	1
106	10	177	55	1
106	10	177	82	1
106	10	203	0	41
106	10	226	3	39
106	10	226	9	10
106	10	226	11	4
106	10	226	16	4
106	10	226	26	11
106	10	226	29	1
106	10	226	30	1
106	10	226	32	1
106	10	226	35	10
106	10	226	36	5
106	10	226	45	1
106	10	226	48	1
106	10	226	49	1
106	10	226	53	1
106	10	226	65	3
106	10	226	73	1
106	10	247	1	5
106	10	247	2	26
106	10	247	4	7
106	10	247	5	4
106	10	247	8	1
106	11	106	1	2
106	11	106	2	10
106	11	106	4	5
106	11	106	6	4
106	11	106	7	1
106	11	106	8	23
106	11	106	9	2
106	11	106	10	40
106	11	106	12	22
106	11	106	13	2
106	11	106	15	2
106	11	106	17	1
106	11	106	18	3
106	11	106	21	2
106	11	106	22	4
106	11	106	23	2
106	11	106	26	5
106	11	106	29	1
106	11	106	30	5
106	11	106	32	8
106	11	106	33	26
106	11	136	1	18
106	11	136	4	1
106	11	136	8	2
106	11	136	10	4
106	11	136	12	16
106	11	136	13	1
106	11	154	14	1
106	11	177	24	2
106	11	177	40	1
106	11	177	44	2
106	11	177	47	5
106	11	203	0	4
106	11	226	3	4
106	11	226	65	1
106	11	247	2	1
106	12	35	2	3
106	12	106	1	4
106	12	106	2	12
106	12	106	4	7
106	12	106	5	1
106	12	106	7	1
106	12	106	8	38
106	12	106	9	2
106	12	106	10	69
106	12	106	11	22
106	12	106	13	5
106	12	106	14	14
106	12	106	15	2
106	12	106	16	1
106	12	106	18	1
106	12	106	20	2
106	12	106	21	6
106	12	106	22	4
106	12	106	23	7
106	12	106	24	1
106	12	106	26	6
106	12	106	27	4
106	12	106	28	2
106	12	106	29	3
106	12	106	30	8
106	12	106	31	1
106	12	106	32	7
106	12	106	33	33
106	12	123	13	2
106	12	136	1	17
106	12	136	3	1
106	12	136	5	1
106	12	136	6	1
106	12	136	7	2
106	12	136	9	3
106	12	136	10	2
106	12	136	11	3
106	12	136	12	29
106	12	154	11	1
106	12	154	14	3
106	12	177	37	1
106	12	177	40	3
106	12	177	46	1
106	12	177	47	13
106	12	177	80	1
106	12	203	0	10
106	12	226	3	19
106	12	226	9	4
106	12	226	10	1
106	12	226	11	4
106	12	226	16	2
106	12	226	17	1
106	12	226	18	1
106	12	226	35	1
106	12	226	36	3
106	12	226	46	1
106	12	226	53	3
106	12	226	54	1
106	12	226	65	1
106	12	226	73	1
106	12	247	2	4
106	13	106	8	9
106	13	106	9	1
106	13	106	10	18
106	13	106	11	2
106	13	106	12	5
106	13	106	14	3
106	13	106	15	5
106	13	106	16	1
106	13	106	18	2
106	13	106	21	1
106	13	106	22	1
106	13	106	23	1
106	13	106	26	3
106	13	106	30	2
106	13	106	31	1
106	13	106	32	2
106	13	106	33	1
106	13	136	1	3
106	13	136	6	1
106	13	136	10	1
106	13	136	11	1
106	13	136	12	6
106	14	106	8	6
106	14	106	10	7
106	14	106	12	14
106	14	106	13	3
106	14	106	16	1
106	14	106	26	1
106	14	106	30	1
106	14	106	31	1
106	14	136	12	2
106	15	106	8	4
106	15	106	10	6
106	15	106	11	2
106	15	106	12	2
106	15	106	13	5
106	15	106	16	2
106	15	106	18	1
106	15	106	24	1
106	15	106	32	2
106	15	106	33	1
106	15	123	13	1
106	15	136	10	1
106	15	136	11	1
106	15	136	12	2
106	15	226	71	1
106	16	35	2	1
106	16	106	2	2
106	16	106	8	7
106	16	106	10	17
106	16	106	12	1
106	16	106	13	1
106	16	106	14	1
106	16	106	15	2
106	16	106	18	2
106	16	106	24	1
106	16	106	26	1
106	16	106	31	1
106	16	106	32	2
106	16	106	33	1
106	16	136	1	1
106	16	136	12	4
106	17	106	8	1
106	17	106	11	1
106	17	136	12	1
106	17	203	0	1
106	18	106	4	1
106	18	106	5	1
106	18	106	8	3
106	18	106	10	8
106	18	106	11	3
106	18	106	12	1
106	18	106	13	2
106	18	106	15	1
106	18	106	16	2
106	18	106	21	1
106	18	106	24	1
106	18	106	31	1
106	18	106	32	1
106	18	106	33	1
106	18	136	1	7
106	18	136	9	1
106	18	136	10	1
106	18	136	12	4
106	18	177	24	1
106	18	177	40	1
106	18	177	47	1
106	18	203	0	2
106	18	226	3	1
106	19	106	1	1
106	20	106	8	2
106	20	106	10	3
106	20	106	12	2
106	20	106	29	1
106	20	136	12	1
106	21	39	16	3
106	21	106	1	1
106	21	106	2	7
106	21	106	4	3
106	21	106	8	19
106	21	106	10	3
106	21	106	11	2
106	21	106	12	6
106	21	106	13	1
106	21	106	18	1
106	21	106	22	2
106	21	106	23	2
106	21	106	26	3
106	21	106	27	1
106	21	106	30	2
106	21	106	32	2
106	21	106	33	1
106	21	136	12	3
106	21	177	36	1
106	21	203	0	5
106	21	226	3	9
106	21	226	9	1
106	21	226	26	4
106	21	247	2	2
106	22	106	2	2
106	22	106	8	12
106	22	106	10	7
106	22	106	11	4
106	22	106	12	4
106	22	106	13	1
106	22	106	21	2
106	22	106	23	1
106	22	106	24	1
106	22	106	26	2
106	22	106	27	3
106	22	106	30	1
106	22	106	33	1
106	22	136	1	1
106	22	136	12	2
106	22	177	40	1
106	22	177	47	1
106	22	203	0	2
106	22	226	3	1
106	22	226	9	1
106	22	226	65	1
106	22	226	70	1
106	22	247	2	2
106	23	106	4	2
106	23	106	7	2
106	23	106	8	22
106	23	106	10	3
106	23	106	11	2
106	23	106	12	7
106	23	106	13	1
106	23	106	21	2
106	23	106	22	1
106	23	106	26	2
106	23	106	29	1
106	23	106	30	1
106	23	106	33	1
106	23	177	44	1
106	23	226	3	2
106	23	226	35	1
106	23	226	70	1
106	24	106	8	4
106	24	106	9	1
106	24	106	10	5
106	24	106	12	1
106	24	106	15	1
106	24	106	16	1
106	24	106	18	1
106	24	106	22	1
106	24	106	30	1
106	24	106	32	1
106	24	106	33	3
106	24	136	1	7
106	24	136	9	1
106	24	136	10	2
106	24	136	12	11
106	24	226	3	2
106	24	226	35	1
106	26	39	21	1
106	26	106	2	9
106	26	106	4	8
106	26	106	6	3
106	26	106	8	41
106	26	106	10	16
106	26	106	11	5
106	26	106	12	6
106	26	106	13	3
106	26	106	14	1
106	26	106	16	1
106	26	106	21	3
106	26	106	22	2
106	26	106	23	2
106	26	106	27	2
106	26	106	28	3
106	26	106	29	1
106	26	106	30	3
106	26	106	31	2
106	26	106	32	4
106	26	106	33	2
106	26	136	9	1
106	26	136	12	1
106	26	177	17	1
106	26	177	40	1
106	26	177	47	2
106	26	203	0	1
106	26	226	3	5
106	26	226	65	1
106	26	247	2	1
106	26	247	4	1
106	27	106	8	3
106	27	106	10	14
106	27	106	12	4
106	27	106	21	1
106	27	106	22	3
106	27	106	26	2
106	27	106	28	1
106	27	106	29	2
106	27	106	32	1
106	27	106	33	1
106	27	136	12	2
106	27	177	40	1
106	27	203	0	1
106	28	106	8	4
106	28	106	10	6
106	28	106	12	2
106	28	106	26	3
106	28	106	27	1
106	28	106	33	1
106	28	136	9	2
106	29	106	6	2
106	29	106	8	5
106	29	106	10	13
106	29	106	11	1
106	29	106	12	3
106	29	106	20	1
106	29	106	23	1
106	29	106	26	1
106	29	106	27	2
106	29	106	30	2
106	29	106	33	7
106	29	136	9	1
106	29	136	12	2
106	29	154	14	1
106	29	177	25	1
106	29	203	0	1
106	29	226	3	3
106	29	226	9	1
106	30	106	1	1
106	30	106	2	2
106	30	106	4	4
106	30	106	5	1
106	30	106	6	2
106	30	106	8	11
106	30	106	9	1
106	30	106	10	16
106	30	106	11	5
106	30	106	12	8
106	30	106	13	2
106	30	106	14	1
106	30	106	21	2
106	30	106	22	1
106	30	106	23	1
106	30	106	24	1
106	30	106	26	3
106	30	106	29	2
106	30	106	31	1
106	30	106	32	2
106	30	106	33	2
106	30	136	1	5
106	30	136	2	1
106	30	136	9	4
106	30	136	12	14
106	30	154	8	1
106	30	177	40	1
106	30	177	47	1
106	30	226	3	1
106	31	106	2	1
106	31	106	4	1
106	31	106	5	1
106	31	106	8	6
106	31	106	9	2
106	31	106	10	11
106	31	106	12	1
106	31	106	13	1
106	31	106	14	1
106	31	106	16	1
106	31	106	18	1
106	31	106	26	2
106	31	106	30	1
106	31	106	32	2
106	31	106	33	2
106	31	136	1	2
106	31	136	6	1
106	31	136	7	1
106	31	136	8	1
106	31	136	9	1
106	31	136	12	5
106	32	106	1	1
106	32	106	2	3
106	32	106	4	1
106	32	106	6	1
106	32	106	8	20
106	32	106	10	22
106	32	106	11	8
106	32	106	12	7
106	32	106	13	2
106	32	106	15	2
106	32	106	16	2
106	32	106	18	1
106	32	106	21	2
106	32	106	24	1
106	32	106	26	4
106	32	106	27	1
106	32	106	30	2
106	32	106	31	2
106	32	106	33	3
106	32	136	1	2
106	32	136	9	2
106	32	136	10	3
106	32	136	12	19
106	32	177	28	1
106	32	177	52	1
106	32	203	0	2
106	32	226	3	2
106	32	226	35	1
106	32	226	36	1
106	33	106	1	4
106	33	106	2	2
106	33	106	4	3
106	33	106	7	2
106	33	106	8	55
106	33	106	10	47
106	33	106	11	26
106	33	106	12	33
106	33	106	13	1
106	33	106	15	1
106	33	106	16	1
106	33	106	18	1
106	33	106	21	1
106	33	106	22	1
106	33	106	23	1
106	33	106	24	3
106	33	106	26	2
106	33	106	27	1
106	33	106	28	1
106	33	106	29	7
106	33	106	30	2
106	33	106	31	2
106	33	106	32	3
106	33	136	1	7
106	33	136	2	1
106	33	136	3	6
106	33	136	4	4
106	33	136	6	2
106	33	136	9	2
106	33	136	11	1
106	33	136	12	40
106	33	136	13	2
106	33	154	14	2
106	33	177	47	8
106	33	203	0	13
106	33	226	3	1
106	33	226	9	1
106	33	226	16	2
106	33	226	65	2
106	33	247	2	3
106	33	247	4	2
123	4	123	12	1
123	4	123	13	3
123	4	226	28	1
123	4	226	35	1
123	6	123	13	4
123	6	226	3	1
123	7	123	11	1
123	7	123	13	1
123	8	39	16	1
123	8	106	10	2
123	8	123	13	10
123	8	136	10	1
123	8	177	47	1
123	8	203	0	1
123	8	226	3	1
123	8	226	16	2
123	8	226	45	1
123	8	247	4	1
123	11	123	7	1
123	11	123	13	2
123	11	226	3	1
123	12	123	4	1
123	12	123	13	10
123	12	154	14	1
123	12	226	3	4
123	12	226	43	1
123	12	247	2	2
123	12	247	5	1
123	12	247	6	1
123	13	39	11	1
123	13	39	16	29
123	13	39	21	1
123	13	106	7	1
123	13	106	8	8
123	13	106	10	6
123	13	106	12	2
123	13	106	15	1
123	13	123	4	3
123	13	123	6	4
123	13	123	7	1
123	13	123	8	10
123	13	123	11	2
123	13	123	12	10
123	13	123	14	1
123	13	123	15	1
123	13	123	16	1
123	13	136	9	1
123	13	136	11	1
123	13	136	12	7
123	13	154	8	3
123	13	154	14	8
123	13	177	40	2
123	13	177	47	10
123	13	203	0	5
123	13	226	3	52
123	13	226	9	1
123	13	226	15	1
123	13	226	16	16
123	13	226	23	1
123	13	226	26	6
123	13	226	35	7
123	13	226	36	2
123	13	226	51	1
123	13	226	62	1
123	13	226	65	4
123	13	226	70	5
123	13	226	73	1
123	13	226	74	1
123	13	247	1	2
123	13	247	2	26
123	13	247	3	1
123	13	247	4	10
123	13	247	6	1
123	14	123	13	1
123	15	123	13	1
123	16	123	13	1
136	1	35	2	6
136	1	106	1	4
136	1	106	4	3
136	1	106	8	7
136	1	106	10	14
136	1	106	11	18
136	1	106	12	17
136	1	106	13	3
136	1	106	16	1
136	1	106	18	7
136	1	106	22	1
136	1	106	24	7
136	1	106	30	5
136	1	106	31	2
136	1	106	32	2
136	1	106	33	7
136	1	136	2	13
136	1	136	3	4
136	1	136	4	51
136	1	136	5	16
136	1	136	6	50
136	1	136	7	22
136	1	136	8	38
136	1	136	9	48
136	1	136	10	17
136	1	136	11	4
136	1	136	12	511
136	1	136	13	22
136	1	177	51	3
136	1	203	0	18
136	1	226	3	34
136	1	226	11	1
136	1	226	30	1
136	1	226	36	1
136	1	226	41	1
136	1	226	65	1
136	1	247	2	2
136	2	39	16	1
136	2	106	8	1
136	2	106	10	1
136	2	106	30	1
136	2	106	33	1
136	2	136	1	13
136	2	136	3	10
136	2	136	4	5
136	2	136	5	11
136	2	136	6	7
136	2	136	7	4
136	2	136	8	5
136	2	136	9	29
136	2	136	10	2
136	2	136	11	3
136	2	136	12	146
136	2	136	13	12
136	2	177	40	1
136	2	177	47	1
136	2	203	0	4
136	2	226	3	3
136	2	226	16	1
136	2	226	36	1
136	2	247	1	1
136	2	247	2	1
136	3	106	8	1
136	3	106	12	1
136	3	106	33	6
136	3	136	1	4
136	3	136	2	10
136	3	136	4	2
136	3	136	5	6
136	3	136	6	13
136	3	136	7	4
136	3	136	8	1
136	3	136	9	18
136	3	136	10	4
136	3	136	11	3
136	3	136	12	75
136	3	136	13	6
136	3	177	47	1
136	3	203	0	1
136	3	226	3	2
136	3	226	16	1
136	3	226	65	2
136	3	247	2	3
136	4	35	2	1
136	4	106	8	2
136	4	106	10	1
136	4	106	11	1
136	4	106	33	4
136	4	136	1	51
136	4	136	2	5
136	4	136	3	2
136	4	136	5	8
136	4	136	6	6
136	4	136	7	6
136	4	136	8	4
136	4	136	9	22
136	4	136	10	6
136	4	136	11	2
136	4	136	12	133
136	4	136	13	2
136	4	154	14	1
136	4	177	40	1
136	4	177	47	1
136	4	203	0	3
136	4	226	35	1
136	5	35	2	1
136	5	106	12	1
136	5	136	1	16
136	5	136	2	11
136	5	136	3	6
136	5	136	4	8
136	5	136	6	7
136	5	136	7	11
136	5	136	8	4
136	5	136	9	18
136	5	136	10	5
136	5	136	11	6
136	5	136	12	170
136	5	136	13	7
136	5	177	47	1
136	5	203	0	8
136	5	226	3	2
136	5	226	45	1
136	6	106	8	2
136	6	106	10	4
136	6	106	12	1
136	6	106	13	1
136	6	106	31	1
136	6	106	33	2
136	6	136	1	50
136	6	136	2	7
136	6	136	3	13
136	6	136	4	6
136	6	136	5	7
136	6	136	7	8
136	6	136	8	5
136	6	136	9	36
136	6	136	10	5
136	6	136	11	3
136	6	136	12	245
136	6	136	13	10
136	6	154	7	1
136	6	177	47	1
136	6	177	51	1
136	6	203	0	11
136	6	226	9	2
136	7	35	2	2
136	7	106	1	1
136	7	106	2	1
136	7	106	3	1
136	7	106	8	3
136	7	106	10	2
136	7	106	12	2
136	7	106	31	1
136	7	136	1	22
136	7	136	2	4
136	7	136	3	4
136	7	136	4	6
136	7	136	5	11
136	7	136	6	8
136	7	136	8	6
136	7	136	9	29
136	7	136	10	3
136	7	136	11	8
136	7	136	12	143
136	7	136	13	6
136	7	177	47	2
136	7	203	0	10
136	7	226	3	7
136	7	226	10	1
136	7	226	16	2
136	7	226	17	1
136	7	226	18	1
136	7	226	45	2
136	7	226	53	1
136	7	226	54	1
136	7	247	4	1
136	8	106	11	2
136	8	106	31	1
136	8	136	1	38
136	8	136	2	5
136	8	136	3	1
136	8	136	4	4
136	8	136	5	4
136	8	136	6	5
136	8	136	7	6
136	8	136	9	34
136	8	136	11	1
136	8	136	12	78
136	8	136	13	3
136	9	35	2	3
136	9	39	16	6
136	9	39	21	2
136	9	106	1	7
136	9	106	2	2
136	9	106	4	3
136	9	106	7	1
136	9	106	8	12
136	9	106	10	8
136	9	106	12	3
136	9	106	18	1
136	9	106	24	1
136	9	106	26	1
136	9	106	28	2
136	9	106	29	1
136	9	106	30	4
136	9	106	31	1
136	9	106	32	2
136	9	106	33	2
136	9	123	13	1
136	9	136	1	48
136	9	136	2	29
136	9	136	3	18
136	9	136	4	22
136	9	136	5	18
136	9	136	6	36
136	9	136	7	29
136	9	136	8	34
136	9	136	10	6
136	9	136	11	9
136	9	136	12	387
136	9	136	13	35
136	9	154	14	3
136	9	177	13	1
136	9	177	17	1
136	9	177	18	1
136	9	177	25	3
136	9	177	28	1
136	9	177	36	2
136	9	177	40	2
136	9	177	43	1
136	9	177	47	11
136	9	177	52	1
136	9	177	82	1
136	9	203	0	25
136	9	226	3	29
136	9	226	9	3
136	9	226	10	1
136	9	226	16	4
136	9	226	17	1
136	9	226	26	2
136	9	226	30	1
136	9	226	35	1
136	9	226	36	3
136	9	226	41	1
136	9	226	45	1
136	9	226	51	1
136	9	226	65	64
136	9	226	73	1
136	9	247	1	2
136	9	247	2	2
136	9	247	4	2
136	9	247	6	2
136	10	35	2	3
136	10	39	16	3
136	10	106	1	1
136	10	106	2	2
136	10	106	6	2
136	10	106	8	10
136	10	106	10	6
136	10	106	11	4
136	10	106	12	2
136	10	106	13	1
136	10	106	15	1
136	10	106	18	1
136	10	106	24	2
136	10	106	32	3
136	10	123	8	1
136	10	136	1	17
136	10	136	2	2
136	10	136	3	4
136	10	136	4	6
136	10	136	5	5
136	10	136	6	5
136	10	136	7	3
136	10	136	9	6
136	10	136	11	5
136	10	136	12	107
136	10	136	13	3
136	10	154	14	1
136	10	177	17	1
136	10	177	24	3
136	10	177	36	2
136	10	177	47	8
136	10	203	0	9
136	10	226	3	13
136	10	226	9	4
136	10	226	10	1
136	10	226	16	1
136	10	226	35	1
136	10	226	45	1
136	10	247	1	2
136	10	247	2	2
136	10	247	4	1
136	11	106	7	1
136	11	106	8	6
136	11	106	10	2
136	11	106	12	3
136	11	106	13	1
136	11	106	15	1
136	11	106	33	1
136	11	123	13	1
136	11	136	1	4
136	11	136	2	3
136	11	136	3	3
136	11	136	4	2
136	11	136	5	6
136	11	136	6	3
136	11	136	7	8
136	11	136	8	1
136	11	136	9	9
136	11	136	10	5
136	11	136	12	52
136	11	136	13	1
136	11	154	14	2
136	11	177	40	2
136	11	177	46	1
136	11	177	47	7
136	11	177	59	1
136	11	203	0	8
136	11	226	3	11
136	11	226	16	1
136	11	226	65	1
136	11	247	1	1
136	11	247	2	2
136	12	35	2	26
136	12	39	13	2
136	12	39	16	14
136	12	39	21	2
136	12	106	1	15
136	12	106	2	2
136	12	106	3	3
136	12	106	4	10
136	12	106	5	2
136	12	106	6	2
136	12	106	8	89
136	12	106	10	87
136	12	106	11	16
136	12	106	12	29
136	12	106	13	6
136	12	106	14	2
136	12	106	15	2
136	12	106	16	4
136	12	106	17	1
136	12	106	18	4
136	12	106	20	1
136	12	106	21	3
136	12	106	22	2
136	12	106	24	11
136	12	106	26	1
136	12	106	27	2
136	12	106	29	2
136	12	106	30	14
136	12	106	31	5
136	12	106	32	19
136	12	106	33	40
136	12	123	13	7
136	12	136	1	511
136	12	136	2	146
136	12	136	3	75
136	12	136	4	133
136	12	136	5	170
136	12	136	6	245
136	12	136	7	143
136	12	136	8	78
136	12	136	9	387
136	12	136	10	107
136	12	136	11	52
136	12	136	13	199
136	12	154	8	2
136	12	154	9	1
136	12	154	14	10
136	12	177	5	1
136	12	177	13	1
136	12	177	16	1
136	12	177	17	2
136	12	177	24	7
136	12	177	25	6
136	12	177	28	4
136	12	177	36	1
136	12	177	37	1
136	12	177	40	5
136	12	177	43	1
136	12	177	46	2
136	12	177	47	105
136	12	177	51	2
136	12	177	52	1
136	12	177	53	1
136	12	177	59	1
136	12	177	62	1
136	12	177	70	1
136	12	177	82	3
136	12	203	0	366
136	12	226	3	218
136	12	226	9	17
136	12	226	10	2
136	12	226	11	2
136	12	226	16	12
136	12	226	18	2
136	12	226	23	1
136	12	226	26	7
136	12	226	28	2
136	12	226	30	1
136	12	226	35	11
136	12	226	36	24
136	12	226	38	1
136	12	226	41	3
136	12	226	43	1
136	12	226	45	12
136	12	226	46	2
136	12	226	51	1
136	12	226	53	1
136	12	226	56	1
136	12	226	65	25
136	12	226	66	2
136	12	226	68	3
136	12	226	71	1
136	12	247	1	9
136	12	247	2	26
136	12	247	3	1
136	12	247	4	15
136	12	247	5	2
136	12	247	6	3
136	12	247	8	3
136	13	35	2	2
136	13	106	2	1
136	13	106	10	4
136	13	106	11	1
136	13	106	33	2
136	13	136	1	22
136	13	136	2	12
136	13	136	3	6
136	13	136	4	2
136	13	136	5	7
136	13	136	6	10
136	13	136	7	6
136	13	136	8	3
136	13	136	9	35
136	13	136	10	3
136	13	136	11	1
136	13	136	12	199
136	13	177	47	2
136	13	203	0	8
136	13	226	3	3
136	13	226	16	1
136	13	226	65	1
136	13	247	1	1
136	13	247	2	1
154	1	39	16	1
154	1	154	2	1
154	1	154	8	3
154	1	154	14	2
154	1	226	3	2
154	1	226	65	2
154	2	154	1	1
154	2	154	8	1
154	2	154	9	2
154	2	154	14	4
154	2	226	3	1
154	4	154	8	1
154	4	226	70	1
154	7	136	6	1
154	7	154	8	1
154	7	154	14	2
154	7	226	3	1
154	7	226	18	1
154	8	39	16	2
154	8	106	8	2
154	8	106	10	1
154	8	106	30	1
154	8	123	13	3
154	8	136	12	2
154	8	154	1	3
154	8	154	2	1
154	8	154	4	1
154	8	154	7	1
154	8	154	10	1
154	8	154	14	17
154	8	177	24	1
154	8	177	40	2
154	8	177	47	1
154	8	177	82	1
154	8	203	0	1
154	8	226	3	7
154	8	226	9	1
154	8	226	16	1
154	8	226	26	5
154	8	226	35	3
154	8	226	36	1
154	8	226	65	2
154	8	226	77	1
154	8	247	2	3
154	9	136	12	1
154	9	154	2	2
154	9	154	14	3
154	9	226	65	1
154	9	247	6	1
154	10	154	8	1
154	10	154	14	1
154	11	106	12	1
154	11	154	14	3
154	11	177	40	1
154	11	226	3	1
154	11	226	23	1
154	14	39	16	6
154	14	106	4	1
154	14	106	6	1
154	14	106	7	1
154	14	106	8	5
154	14	106	10	2
154	14	106	11	1
154	14	106	12	3
154	14	106	29	1
154	14	106	33	2
154	14	123	12	1
154	14	123	13	8
154	14	136	4	1
154	14	136	9	3
154	14	136	10	1
154	14	136	11	2
154	14	136	12	10
154	14	154	1	2
154	14	154	2	4
154	14	154	7	2
154	14	154	8	17
154	14	154	9	3
154	14	154	10	1
154	14	154	11	3
154	14	177	24	1
154	14	177	25	2
154	14	177	40	2
154	14	177	47	7
154	14	177	81	1
154	14	203	0	10
154	14	226	3	38
154	14	226	9	2
154	14	226	16	2
154	14	226	26	2
154	14	226	35	3
154	14	226	36	1
154	14	226	45	1
154	14	226	46	1
154	14	226	51	1
154	14	226	62	1
154	14	226	65	1
154	14	226	68	1
154	14	226	70	1
154	14	247	1	1
154	14	247	2	12
154	14	247	4	5
154	14	247	6	1
177	2	177	18	1
177	2	177	28	2
177	2	177	29	1
177	2	177	40	1
177	2	177	41	5
177	2	177	47	5
177	2	177	52	1
177	2	177	77	1
177	4	177	12	1
177	4	177	36	1
177	4	177	40	1
177	4	226	3	1
177	5	106	8	1
177	5	136	12	1
177	5	177	16	1
177	5	177	20	1
177	5	177	40	1
177	5	177	43	1
177	5	177	47	8
177	5	177	53	1
177	5	177	60	1
177	5	203	0	1
177	8	177	14	1
177	8	177	25	1
177	8	177	47	2
177	8	177	79	1
177	8	226	48	1
177	9	177	36	1
177	9	177	43	1
177	9	177	44	1
177	9	177	47	2
177	9	177	59	1
177	10	177	47	1
177	12	177	4	1
177	12	177	24	2
177	12	177	36	1
177	12	177	40	3
177	12	177	46	1
177	12	177	47	3
177	12	177	64	1
177	12	177	82	1
177	12	226	3	1
177	13	106	8	1
177	13	136	9	1
177	13	136	12	1
177	13	177	24	1
177	13	177	25	1
177	13	177	28	2
177	13	177	36	2
177	13	177	40	4
177	13	177	43	1
177	13	177	46	2
177	13	177	47	7
177	13	177	50	1
177	13	177	51	1
177	13	177	60	1
177	13	203	0	1
177	13	226	3	2
177	13	226	9	1
177	13	226	12	1
177	13	226	16	1
177	13	226	36	1
177	13	247	2	1
177	14	177	8	1
177	14	177	25	2
177	14	177	40	1
177	14	177	47	3
177	14	177	79	1
177	15	177	25	2
177	15	177	40	1
177	15	177	43	2
177	15	177	46	2
177	15	177	51	1
177	15	177	59	1
177	15	247	2	1
177	16	106	8	1
177	16	136	12	1
177	16	177	5	1
177	16	177	41	1
177	16	177	43	1
177	16	177	47	1
177	16	177	53	1
177	16	226	3	1
177	17	106	8	1
177	17	106	10	1
177	17	106	26	1
177	17	136	9	1
177	17	136	10	1
177	17	136	12	2
177	17	177	24	1
177	17	177	28	1
177	17	177	40	7
177	17	177	47	13
177	17	177	49	1
177	17	177	77	1
177	17	177	81	1
177	17	177	82	2
177	17	203	0	2
177	17	226	16	1
177	17	226	36	1
177	17	226	65	1
177	18	136	9	1
177	18	177	2	1
177	18	177	28	1
177	18	177	29	1
177	18	177	34	1
177	18	177	40	2
177	18	177	47	4
177	18	177	55	1
177	18	177	59	1
177	20	177	5	1
177	20	177	40	1
177	24	106	6	2
177	24	106	11	2
177	24	106	18	1
177	24	136	10	3
177	24	136	12	7
177	24	154	8	1
177	24	154	14	1
177	24	177	12	2
177	24	177	13	1
177	24	177	17	1
177	24	177	40	1
177	24	177	46	1
177	24	177	47	22
177	24	177	51	2
177	24	177	64	1
177	24	177	71	1
177	24	203	0	1
177	24	226	3	6
177	24	226	65	2
177	25	39	16	1
177	25	106	8	3
177	25	106	10	2
177	25	106	29	1
177	25	136	9	3
177	25	136	12	6
177	25	154	14	2
177	25	177	8	1
177	25	177	13	1
177	25	177	14	2
177	25	177	15	2
177	25	177	27	1
177	25	177	28	3
177	25	177	36	3
177	25	177	40	7
177	25	177	43	4
177	25	177	46	9
177	25	177	47	32
177	25	177	49	2
177	25	177	51	3
177	25	177	52	7
177	25	177	54	1
177	25	177	79	1
177	25	177	81	2
177	25	177	82	3
177	25	203	0	8
177	25	226	3	11
177	25	226	9	2
177	25	226	11	1
177	25	226	36	2
177	25	226	65	1
177	25	247	2	1
177	25	247	4	1
177	27	177	25	1
177	27	177	28	2
177	27	177	40	1
177	27	177	47	4
177	27	177	51	1
177	27	177	71	1
177	27	177	82	1
177	27	226	3	1
177	28	39	16	3
177	28	106	2	1
177	28	106	8	2
177	28	106	10	3
177	28	106	32	1
177	28	136	9	1
177	28	136	12	4
177	28	177	2	2
177	28	177	13	2
177	28	177	17	1
177	28	177	18	1
177	28	177	25	3
177	28	177	27	2
177	28	177	29	1
177	28	177	36	2
177	28	177	40	8
177	28	177	41	3
177	28	177	42	2
177	28	177	43	2
177	28	177	46	1
177	28	177	47	32
177	28	177	48	1
177	28	177	51	3
177	28	177	52	2
177	28	177	55	1
177	28	177	71	5
177	28	177	81	2
177	28	203	0	6
177	28	226	3	9
177	28	226	9	4
177	28	226	26	1
177	28	226	35	1
177	28	226	36	2
177	28	247	1	1
177	28	247	2	1
177	28	247	4	2
177	29	177	2	1
177	29	177	18	1
177	29	177	28	1
177	29	177	40	1
177	29	177	47	1
177	29	177	74	1
177	32	177	47	1
177	32	177	61	1
177	34	177	18	1
177	34	177	40	2
177	34	177	47	1
177	34	247	4	1
177	35	177	40	3
177	35	177	47	1
177	35	177	55	1
177	36	39	16	1
177	36	106	2	1
177	36	106	4	1
177	36	106	8	2
177	36	106	21	1
177	36	136	9	2
177	36	136	10	2
177	36	136	12	1
177	36	177	4	1
177	36	177	9	1
177	36	177	12	1
177	36	177	13	2
177	36	177	25	3
177	36	177	28	2
177	36	177	38	1
177	36	177	40	6
177	36	177	43	2
177	36	177	47	23
177	36	177	48	2
177	36	177	49	1
177	36	177	51	1
177	36	177	52	1
177	36	177	54	1
177	36	177	55	2
177	36	177	71	1
177	36	177	75	1
177	36	177	81	2
177	36	226	3	6
177	36	226	35	2
177	36	226	65	1
177	36	247	1	1
177	36	247	2	1
177	37	106	1	1
177	37	106	8	1
177	37	106	12	1
177	37	136	12	1
177	37	177	47	1
177	38	177	36	1
177	38	177	47	1
177	39	106	8	2
177	40	106	4	1
177	40	106	7	1
177	40	106	8	7
177	40	106	10	6
177	40	106	11	1
177	40	106	12	3
177	40	106	18	1
177	40	106	22	1
177	40	106	26	1
177	40	106	27	1
177	40	106	30	1
177	40	123	13	2
177	40	136	2	1
177	40	136	4	1
177	40	136	9	2
177	40	136	11	2
177	40	136	12	5
177	40	154	8	2
177	40	154	11	1
177	40	154	14	2
177	40	177	2	1
177	40	177	4	1
177	40	177	5	1
177	40	177	12	3
177	40	177	13	4
177	40	177	14	1
177	40	177	15	1
177	40	177	17	7
177	40	177	18	2
177	40	177	20	1
177	40	177	24	1
177	40	177	25	7
177	40	177	27	1
177	40	177	28	8
177	40	177	29	1
177	40	177	34	2
177	40	177	35	3
177	40	177	36	6
177	40	177	41	2
177	40	177	43	12
177	40	177	44	4
177	40	177	46	15
177	40	177	47	89
177	40	177	51	9
177	40	177	54	2
177	40	177	55	11
177	40	177	57	1
177	40	177	59	1
177	40	177	60	1
177	40	177	62	2
177	40	177	64	2
177	40	177	71	2
177	40	177	75	1
177	40	177	77	2
177	40	177	81	3
177	40	177	82	8
177	40	203	0	5
177	40	226	3	10
177	40	226	9	3
177	40	226	16	1
177	40	226	26	1
177	40	226	36	4
177	40	226	41	1
177	40	226	44	1
177	40	226	65	1
177	40	226	73	2
177	40	247	1	4
177	40	247	2	6
177	40	247	3	1
177	40	247	4	2
177	40	247	5	1
177	40	247	6	1
177	41	177	2	5
177	41	177	16	1
177	41	177	28	3
177	41	177	40	2
177	41	177	42	3
177	41	177	47	3
177	41	177	48	2
177	41	177	49	4
177	41	177	68	1
177	41	247	4	1
177	42	177	28	2
177	42	177	41	3
177	42	177	46	1
177	42	177	47	1
177	42	177	48	1
177	42	177	82	1
177	43	39	16	1
177	43	106	8	1
177	43	136	9	1
177	43	136	12	1
177	43	177	5	1
177	43	177	9	1
177	43	177	13	1
177	43	177	15	2
177	43	177	16	1
177	43	177	25	4
177	43	177	28	2
177	43	177	36	2
177	43	177	40	12
177	43	177	44	1
177	43	177	47	14
177	43	177	53	1
177	43	177	59	1
177	43	177	81	2
177	43	226	3	1
177	43	247	1	2
177	43	247	4	1
177	43	247	6	1
177	44	106	4	1
177	44	106	11	2
177	44	106	23	1
177	44	177	9	1
177	44	177	40	4
177	44	177	43	1
177	44	177	53	1
177	46	106	8	1
177	46	106	12	1
177	46	136	11	1
177	46	136	12	2
177	46	177	12	1
177	46	177	13	2
177	46	177	15	2
177	46	177	24	1
177	46	177	25	9
177	46	177	28	1
177	46	177	40	15
177	46	177	42	1
177	46	177	47	16
177	46	177	50	1
177	46	177	52	8
177	46	177	54	2
177	46	177	62	1
177	46	177	75	1
177	46	177	82	2
177	46	203	0	1
177	46	226	3	1
177	46	247	1	1
177	46	247	2	1
177	47	35	2	2
177	47	39	16	26
177	47	39	21	1
177	47	106	1	1
177	47	106	2	1
177	47	106	4	2
177	47	106	6	2
177	47	106	8	86
177	47	106	10	37
177	47	106	11	5
177	47	106	12	13
177	47	106	18	1
177	47	106	22	1
177	47	106	26	2
177	47	106	30	1
177	47	106	33	8
177	47	123	8	1
177	47	123	13	10
177	47	136	2	1
177	47	136	3	1
177	47	136	4	1
177	47	136	5	1
177	47	136	6	1
177	47	136	7	2
177	47	136	9	11
177	47	136	10	8
177	47	136	11	7
177	47	136	12	105
177	47	136	13	2
177	47	154	8	1
177	47	154	14	7
177	47	177	2	5
177	47	177	5	8
177	47	177	8	2
177	47	177	9	2
177	47	177	10	1
177	47	177	12	3
177	47	177	13	7
177	47	177	14	3
177	47	177	16	1
177	47	177	17	13
177	47	177	18	4
177	47	177	24	22
177	47	177	25	32
177	47	177	27	4
177	47	177	28	32
177	47	177	29	1
177	47	177	32	1
177	47	177	34	1
177	47	177	35	1
177	47	177	36	23
177	47	177	37	1
177	47	177	38	1
177	47	177	40	89
177	47	177	41	3
177	47	177	42	1
177	47	177	43	14
177	47	177	46	16
177	47	177	48	1
177	47	177	49	9
177	47	177	51	3
177	47	177	52	6
177	47	177	53	1
177	47	177	54	1
177	47	177	55	11
177	47	177	57	1
177	47	177	59	6
177	47	177	60	6
177	47	177	61	3
177	47	177	62	5
177	47	177	64	1
177	47	177	70	2
177	47	177	71	4
177	47	177	72	2
177	47	177	75	3
177	47	177	77	5
177	47	177	78	1
177	47	177	79	2
177	47	177	80	3
177	47	177	81	8
177	47	177	82	5
177	47	203	0	127
177	47	226	3	140
177	47	226	9	11
177	47	226	10	1
177	47	226	12	1
177	47	226	16	10
177	47	226	18	1
177	47	226	26	7
177	47	226	28	1
177	47	226	30	1
177	47	226	35	8
177	47	226	36	7
177	47	226	48	1
177	47	226	65	15
177	47	226	73	1
177	47	247	1	10
177	47	247	2	42
177	47	247	4	14
177	47	247	6	1
177	47	247	8	2
177	48	177	28	1
177	48	177	36	2
177	48	177	41	2
177	48	177	42	1
177	48	177	47	1
177	49	177	17	1
177	49	177	25	2
177	49	177	36	1
177	49	177	41	4
177	49	177	47	9
177	49	177	81	1
177	49	177	82	1
177	50	177	13	1
177	50	177	46	1
177	51	106	8	2
177	51	106	10	1
177	51	136	1	3
177	51	136	6	1
177	51	136	12	2
177	51	177	13	1
177	51	177	15	1
177	51	177	24	2
177	51	177	25	3
177	51	177	27	1
177	51	177	28	3
177	51	177	36	1
177	51	177	40	9
177	51	177	47	3
177	51	177	71	1
177	51	177	80	1
177	51	203	0	2
177	51	247	2	1
177	52	39	21	1
177	52	106	2	1
177	52	106	8	1
177	52	106	32	1
177	52	136	9	1
177	52	136	12	1
177	52	177	2	1
177	52	177	25	7
177	52	177	28	2
177	52	177	36	1
177	52	177	46	8
177	52	177	47	6
177	52	177	59	1
177	52	177	81	1
177	52	177	82	1
177	53	106	8	1
177	53	136	12	1
177	53	177	5	1
177	53	177	16	1
177	53	177	43	1
177	53	177	44	1
177	53	177	47	1
177	54	177	25	1
177	54	177	36	1
177	54	177	40	2
177	54	177	46	2
177	54	177	47	1
177	55	39	16	1
177	55	106	10	1
177	55	177	18	1
177	55	177	28	1
177	55	177	35	1
177	55	177	36	2
177	55	177	40	11
177	55	177	47	11
177	55	177	58	1
177	55	177	64	1
177	55	177	81	2
177	55	177	82	1
177	55	226	3	1
177	55	247	1	1
177	55	247	2	2
177	57	177	40	1
177	57	177	47	1
177	57	177	77	1
177	57	226	3	1
177	58	177	55	1
177	58	177	64	1
177	59	106	8	1
177	59	136	11	1
177	59	136	12	1
177	59	177	9	1
177	59	177	15	1
177	59	177	18	1
177	59	177	40	1
177	59	177	43	1
177	59	177	47	6
177	59	177	52	1
177	59	203	0	1
177	60	177	5	1
177	60	177	13	1
177	60	177	40	1
177	60	177	47	6
177	61	177	32	1
177	61	177	47	3
177	62	136	12	1
177	62	177	40	2
177	62	177	46	1
177	62	177	47	5
177	62	177	70	1
177	62	226	3	2
177	62	226	9	1
177	64	177	12	1
177	64	177	24	1
177	64	177	40	2
177	64	177	47	1
177	64	177	55	1
177	64	177	58	1
177	68	177	41	1
177	70	136	12	1
177	70	177	47	2
177	70	177	62	1
177	70	226	3	1
177	71	177	24	1
177	71	177	27	1
177	71	177	28	5
177	71	177	36	1
177	71	177	40	2
177	71	177	47	4
177	71	177	51	1
177	71	226	3	1
177	72	177	47	2
177	72	203	0	2
177	72	226	9	2
177	72	247	2	1
177	74	177	29	1
177	75	177	36	1
177	75	177	40	1
177	75	177	46	1
177	75	177	47	3
177	75	226	3	1
177	77	177	2	1
177	77	177	17	1
177	77	177	40	2
177	77	177	47	5
177	77	177	57	1
177	78	177	47	1
177	79	177	8	1
177	79	177	14	1
177	79	177	25	1
177	79	177	47	2
177	80	106	12	1
177	80	177	47	3
177	80	177	51	1
177	81	106	8	1
177	81	154	14	1
177	81	177	17	1
177	81	177	25	2
177	81	177	28	2
177	81	177	36	2
177	81	177	40	3
177	81	177	43	2
177	81	177	47	8
177	81	177	49	1
177	81	177	52	1
177	81	177	55	2
177	81	177	82	1
177	81	247	1	1
177	81	247	2	1
177	82	106	8	1
177	82	106	10	1
177	82	136	9	1
177	82	136	12	3
177	82	154	8	1
177	82	177	12	1
177	82	177	17	2
177	82	177	25	3
177	82	177	27	1
177	82	177	40	8
177	82	177	42	1
177	82	177	46	2
177	82	177	47	5
177	82	177	49	1
177	82	177	52	1
177	82	177	55	1
177	82	177	81	1
177	82	203	0	2
177	82	226	3	1
177	82	226	36	1
177	82	226	65	1
203	0	35	2	22
203	0	39	3	1
203	0	39	16	13
203	0	106	1	2
203	0	106	2	4
203	0	106	3	1
203	0	106	4	2
203	0	106	8	72
203	0	106	9	1
203	0	106	10	41
203	0	106	11	4
203	0	106	12	10
203	0	106	17	1
203	0	106	18	2
203	0	106	21	5
203	0	106	22	2
203	0	106	26	1
203	0	106	27	1
203	0	106	29	1
203	0	106	32	2
203	0	106	33	13
203	0	123	8	1
203	0	123	13	5
203	0	136	1	18
203	0	136	2	4
203	0	136	3	1
203	0	136	4	3
203	0	136	5	8
203	0	136	6	11
203	0	136	7	10
203	0	136	9	25
203	0	136	10	9
203	0	136	11	8
203	0	136	12	366
203	0	136	13	8
203	0	154	8	1
203	0	154	14	10
203	0	177	5	1
203	0	177	13	1
203	0	177	17	2
203	0	177	24	1
203	0	177	25	8
203	0	177	28	6
203	0	177	40	5
203	0	177	46	1
203	0	177	47	127
203	0	177	51	2
203	0	177	59	1
203	0	177	72	2
203	0	177	82	2
203	0	226	3	175
203	0	226	5	1
203	0	226	9	23
203	0	226	10	2
203	0	226	11	2
203	0	226	15	1
203	0	226	16	13
203	0	226	17	1
203	0	226	18	1
203	0	226	20	1
203	0	226	25	2
203	0	226	26	9
203	0	226	28	2
203	0	226	30	1
203	0	226	35	4
203	0	226	36	18
203	0	226	37	1
203	0	226	43	1
203	0	226	45	2
203	0	226	51	1
203	0	226	53	1
203	0	226	54	1
203	0	226	65	24
203	0	226	70	8
203	0	226	71	1
203	0	226	73	1
203	0	226	74	1
203	0	247	1	10
203	0	247	2	27
203	0	247	3	1
203	0	247	4	35
203	0	247	5	2
203	0	247	6	4
226	1	226	23	1
226	2	226	3	1
226	2	226	11	1
226	2	226	36	1
226	3	35	1	2
226	3	35	2	5
226	3	39	2	1
226	3	39	13	1
226	3	39	16	70
226	3	39	21	2
226	3	106	1	1
226	3	106	2	10
226	3	106	4	4
226	3	106	6	2
226	3	106	8	114
226	3	106	10	39
226	3	106	11	4
226	3	106	12	19
226	3	106	18	1
226	3	106	21	9
226	3	106	22	1
226	3	106	23	2
226	3	106	24	2
226	3	106	26	5
226	3	106	29	3
226	3	106	30	1
226	3	106	32	2
226	3	106	33	1
226	3	123	6	1
226	3	123	8	1
226	3	123	11	1
226	3	123	12	4
226	3	123	13	52
226	3	136	1	34
226	3	136	2	3
226	3	136	3	2
226	3	136	5	2
226	3	136	7	7
226	3	136	9	29
226	3	136	10	13
226	3	136	11	11
226	3	136	12	218
226	3	136	13	3
226	3	154	1	2
226	3	154	2	1
226	3	154	7	1
226	3	154	8	7
226	3	154	11	1
226	3	154	14	38
226	3	177	4	1
226	3	177	12	1
226	3	177	13	2
226	3	177	16	1
226	3	177	24	6
226	3	177	25	11
226	3	177	27	1
226	3	177	28	9
226	3	177	36	6
226	3	177	40	10
226	3	177	43	1
226	3	177	46	1
226	3	177	47	140
226	3	177	55	1
226	3	177	57	1
226	3	177	62	2
226	3	177	70	1
226	3	177	71	1
226	3	177	75	1
226	3	177	82	1
226	3	203	0	175
226	3	226	2	1
226	3	226	4	5
226	3	226	5	27
226	3	226	6	3
226	3	226	7	4
226	3	226	8	22
226	3	226	9	418
226	3	226	10	27
226	3	226	11	172
226	3	226	12	16
226	3	226	13	5
226	3	226	14	2
226	3	226	15	30
226	3	226	16	397
226	3	226	17	1
226	3	226	18	27
226	3	226	19	6
226	3	226	20	7
226	3	226	21	21
226	3	226	23	63
226	3	226	25	34
226	3	226	26	565
226	3	226	27	3
226	3	226	28	108
226	3	226	29	11
226	3	226	30	34
226	3	226	31	9
226	3	226	32	5
226	3	226	34	2
226	3	226	35	339
226	3	226	36	802
226	3	226	37	11
226	3	226	38	3
226	3	226	40	14
226	3	226	41	30
226	3	226	42	7
226	3	226	43	15
226	3	226	44	1
226	3	226	45	134
226	3	226	46	26
226	3	226	47	6
226	3	226	48	16
226	3	226	49	3
226	3	226	50	10
226	3	226	51	7
226	3	226	52	15
226	3	226	53	24
226	3	226	54	6
226	3	226	55	5
226	3	226	56	16
226	3	226	57	30
226	3	226	58	3
226	3	226	59	1
226	3	226	60	8
226	3	226	61	1
226	3	226	62	4
226	3	226	63	3
226	3	226	65	284
226	3	226	66	4
226	3	226	67	3
226	3	226	68	15
226	3	226	69	16
226	3	226	70	54
226	3	226	71	8
226	3	226	72	5
226	3	226	73	78
226	3	226	74	17
226	3	226	76	7
226	3	226	77	5
226	3	247	1	20
226	3	247	2	70
226	3	247	4	50
226	3	247	5	2
226	3	247	6	3
226	3	247	8	1
226	4	226	3	5
226	4	226	9	1
226	4	226	13	1
226	4	226	16	8
226	4	226	28	1
226	4	226	37	2
226	4	226	52	1
226	4	226	69	2
226	4	226	73	1
226	4	226	74	2
226	5	203	0	1
226	5	226	3	27
226	5	226	8	2
226	5	226	9	2
226	5	226	10	1
226	5	226	11	2
226	5	226	15	1
226	5	226	16	1
226	5	226	18	1
226	5	226	19	1
226	5	226	21	3
226	5	226	23	1
226	5	226	26	4
226	5	226	28	5
226	5	226	34	2
226	5	226	36	2
226	5	226	41	2
226	5	226	42	3
226	5	226	45	3
226	5	226	52	1
226	5	226	53	1
226	5	226	56	1
226	5	226	57	1
226	5	226	65	2
226	6	226	3	3
226	7	226	3	4
226	7	226	11	1
226	7	226	16	3
226	7	226	69	1
226	8	226	3	22
226	8	226	5	2
226	8	226	9	8
226	8	226	10	2
226	8	226	11	7
226	8	226	15	1
226	8	226	16	1
226	8	226	18	1
226	8	226	19	1
226	8	226	23	1
226	8	226	26	4
226	8	226	28	1
226	8	226	34	1
226	8	226	35	1
226	8	226	36	11
226	8	226	41	5
226	8	226	45	1
226	8	226	52	1
226	8	226	53	2
226	8	226	56	1
226	8	226	57	1
226	8	226	58	1
226	8	226	65	6
226	9	35	2	2
226	9	39	16	12
226	9	39	21	1
226	9	106	2	3
226	9	106	8	5
226	9	106	9	1
226	9	106	10	10
226	9	106	12	4
226	9	106	21	1
226	9	106	22	1
226	9	106	29	1
226	9	106	33	1
226	9	123	13	1
226	9	136	6	2
226	9	136	9	3
226	9	136	10	4
226	9	136	12	17
226	9	154	8	1
226	9	154	14	2
226	9	177	13	1
226	9	177	25	2
226	9	177	28	4
226	9	177	40	3
226	9	177	47	11
226	9	177	62	1
226	9	177	72	2
226	9	203	0	23
226	9	226	3	418
226	9	226	4	1
226	9	226	5	2
226	9	226	8	8
226	9	226	10	9
226	9	226	11	16
226	9	226	12	1
226	9	226	13	1
226	9	226	15	5
226	9	226	16	60
226	9	226	18	37
226	9	226	19	9
226	9	226	20	4
226	9	226	21	4
226	9	226	23	6
226	9	226	25	1
226	9	226	26	60
226	9	226	28	28
226	9	226	29	1
226	9	226	30	4
226	9	226	31	6
226	9	226	34	2
226	9	226	35	30
226	9	226	36	62
226	9	226	37	1
226	9	226	40	1
226	9	226	41	31
226	9	226	45	43
226	9	226	46	3
226	9	226	47	1
226	9	226	48	2
226	9	226	49	1
226	9	226	50	1
226	9	226	52	2
226	9	226	53	3
226	9	226	54	2
226	9	226	55	1
226	9	226	56	1
226	9	226	57	6
226	9	226	60	1
226	9	226	62	1
226	9	226	65	68
226	9	226	66	1
226	9	226	69	2
226	9	226	70	4
226	9	226	71	1
226	9	226	72	1
226	9	226	73	13
226	9	226	74	2
226	9	226	76	3
226	9	226	77	1
226	9	247	1	2
226	9	247	2	14
226	9	247	4	3
226	9	247	6	1
226	10	39	16	1
226	10	106	2	2
226	10	106	8	1
226	10	106	12	1
226	10	136	7	1
226	10	136	9	1
226	10	136	10	1
226	10	136	12	2
226	10	177	47	1
226	10	203	0	2
226	10	226	3	27
226	10	226	5	1
226	10	226	8	2
226	10	226	9	9
226	10	226	11	5
226	10	226	16	4
226	10	226	17	1
226	10	226	18	5
226	10	226	19	1
226	10	226	23	1
226	10	226	26	2
226	10	226	28	1
226	10	226	34	1
226	10	226	35	20
226	10	226	36	3
226	10	226	41	4
226	10	226	45	3
226	10	226	48	3
226	10	226	52	1
226	10	226	53	2
226	10	226	54	1
226	10	226	55	1
226	10	226	57	1
226	10	226	65	4
226	10	226	68	1
226	10	226	73	4
226	10	226	74	1
226	10	247	1	1
226	10	247	2	1
226	11	39	16	1
226	11	106	10	4
226	11	106	12	4
226	11	136	1	1
226	11	136	12	2
226	11	177	25	1
226	11	203	0	2
226	11	226	2	1
226	11	226	3	172
226	11	226	5	2
226	11	226	7	1
226	11	226	8	7
226	11	226	9	16
226	11	226	10	5
226	11	226	16	29
226	11	226	18	2
226	11	226	19	2
226	11	226	21	3
226	11	226	23	4
226	11	226	25	1
226	11	226	26	16
226	11	226	28	7
226	11	226	29	3
226	11	226	30	4
226	11	226	34	1
226	11	226	35	11
226	11	226	36	30
226	11	226	41	4
226	11	226	43	2
226	11	226	45	4
226	11	226	46	3
226	11	226	48	1
226	11	226	50	2
226	11	226	52	1
226	11	226	53	5
226	11	226	57	1
226	11	226	60	1
226	11	226	65	10
226	11	226	67	1
226	11	226	69	5
226	11	226	71	2
226	11	226	72	1
226	11	226	73	3
226	11	226	74	3
226	11	247	2	1
226	12	177	13	1
226	12	177	47	1
226	12	226	3	16
226	12	226	9	1
226	12	226	16	7
226	12	226	20	1
226	12	226	26	1
226	12	226	36	1
226	12	226	40	1
226	12	226	48	1
226	12	226	52	1
226	12	226	53	2
226	12	226	65	2
226	12	226	73	1
226	13	226	3	5
226	13	226	4	1
226	13	226	9	1
226	13	226	16	10
226	13	226	23	2
226	13	226	28	1
226	14	226	3	2
226	15	106	1	1
226	15	106	8	1
226	15	123	13	1
226	15	203	0	1
226	15	226	3	30
226	15	226	5	1
226	15	226	8	1
226	15	226	9	5
226	15	226	16	2
226	15	226	25	1
226	15	226	26	7
226	15	226	29	1
226	15	226	30	1
226	15	226	35	2
226	15	226	36	10
226	15	226	37	1
226	15	226	43	1
226	15	226	45	1
226	15	226	52	1
226	15	226	55	1
226	15	226	65	2
226	16	39	6	1
226	16	39	16	9
226	16	106	2	1
226	16	106	7	1
226	16	106	8	3
226	16	106	10	4
226	16	106	12	2
226	16	106	33	2
226	16	123	8	2
226	16	123	13	16
226	16	136	2	1
226	16	136	3	1
226	16	136	7	2
226	16	136	9	4
226	16	136	10	1
226	16	136	11	1
226	16	136	12	12
226	16	136	13	1
226	16	154	8	1
226	16	154	14	2
226	16	177	13	1
226	16	177	17	1
226	16	177	40	1
226	16	177	47	10
226	16	203	0	13
226	16	226	3	397
226	16	226	4	8
226	16	226	5	1
226	16	226	7	3
226	16	226	8	1
226	16	226	9	60
226	16	226	10	4
226	16	226	11	29
226	16	226	12	7
226	16	226	13	10
226	16	226	15	2
226	16	226	17	1
226	16	226	18	8
226	16	226	19	3
226	16	226	20	3
226	16	226	21	1
226	16	226	23	51
226	16	226	25	3
226	16	226	26	15
226	16	226	27	5
226	16	226	28	52
226	16	226	29	3
226	16	226	30	8
226	16	226	32	1
226	16	226	33	1
226	16	226	34	6
226	16	226	35	27
226	16	226	36	73
226	16	226	37	1
226	16	226	41	8
226	16	226	42	3
226	16	226	44	1
226	16	226	45	33
226	16	226	46	3
226	16	226	47	1
226	16	226	48	6
226	16	226	49	1
226	16	226	52	2
226	16	226	53	4
226	16	226	54	3
226	16	226	56	9
226	16	226	57	7
226	16	226	60	2
226	16	226	62	2
226	16	226	65	58
226	16	226	67	2
226	16	226	69	17
226	16	226	70	3
226	16	226	71	1
226	16	226	73	35
226	16	226	74	13
226	16	226	76	1
226	16	226	77	2
226	16	247	1	3
226	16	247	2	14
226	16	247	4	3
226	16	247	5	2
226	17	106	2	1
226	17	106	12	1
226	17	136	7	1
226	17	136	9	1
226	17	203	0	1
226	17	226	3	1
226	17	226	10	1
226	17	226	16	1
226	17	226	18	1
226	17	226	30	1
226	17	226	48	1
226	17	226	53	1
226	17	226	54	1
226	17	226	65	1
226	18	39	13	1
226	18	106	2	1
226	18	106	8	1
226	18	106	12	1
226	18	136	7	1
226	18	136	12	2
226	18	154	7	1
226	18	177	47	1
226	18	203	0	1
226	18	226	3	27
226	18	226	5	1
226	18	226	8	1
226	18	226	9	37
226	18	226	10	5
226	18	226	11	2
226	18	226	16	8
226	18	226	17	1
226	18	226	19	1
226	18	226	21	1
226	18	226	23	1
226	18	226	26	12
226	18	226	28	2
226	18	226	30	1
226	18	226	34	1
226	18	226	35	7
226	18	226	41	2
226	18	226	45	1
226	18	226	46	1
226	18	226	50	1
226	18	226	52	1
226	18	226	53	2
226	18	226	54	1
226	18	226	56	1
226	18	226	57	1
226	18	226	65	4
226	18	226	74	3
226	18	247	2	1
226	19	226	3	6
226	19	226	5	1
226	19	226	8	1
226	19	226	9	9
226	19	226	10	1
226	19	226	11	2
226	19	226	16	3
226	19	226	18	1
226	19	226	23	1
226	19	226	26	1
226	19	226	27	1
226	19	226	28	1
226	19	226	34	1
226	19	226	35	1
226	19	226	41	1
226	19	226	45	1
226	19	226	48	1
226	19	226	52	1
226	19	226	53	1
226	19	226	57	2
226	19	226	65	2
226	19	226	68	1
226	20	203	0	1
226	20	226	3	7
226	20	226	9	4
226	20	226	12	1
226	20	226	16	3
226	20	226	23	2
226	20	226	28	1
226	20	226	34	1
226	20	226	36	2
226	20	226	45	1
226	20	226	52	1
226	20	226	57	3
226	20	226	65	2
226	20	226	70	1
226	20	226	74	1
226	21	226	3	21
226	21	226	5	3
226	21	226	9	4
226	21	226	11	3
226	21	226	16	1
226	21	226	18	1
226	21	226	25	1
226	21	226	26	2
226	21	226	28	3
226	21	226	30	1
226	21	226	35	1
226	21	226	36	2
226	21	226	42	3
226	21	226	65	1
226	21	226	73	2
226	21	226	74	1
226	23	39	16	1
226	23	123	13	1
226	23	136	12	1
226	23	154	11	1
226	23	226	1	1
226	23	226	3	63
226	23	226	5	1
226	23	226	8	1
226	23	226	9	6
226	23	226	10	1
226	23	226	11	4
226	23	226	13	2
226	23	226	16	51
226	23	226	18	1
226	23	226	19	1
226	23	226	20	2
226	23	226	25	1
226	23	226	26	11
226	23	226	27	1
226	23	226	28	7
226	23	226	34	3
226	23	226	35	3
226	23	226	36	12
226	23	226	40	2
226	23	226	41	4
226	23	226	42	1
226	23	226	45	4
226	23	226	48	1
226	23	226	49	1
226	23	226	52	1
226	23	226	53	1
226	23	226	57	1
226	23	226	65	3
226	23	226	69	5
226	23	226	72	1
226	23	226	73	1
226	23	226	74	2
226	23	247	2	1
226	24	226	54	1
226	25	203	0	2
226	25	226	3	34
226	25	226	9	1
226	25	226	11	1
226	25	226	15	1
226	25	226	16	3
226	25	226	21	1
226	25	226	23	1
226	25	226	26	4
226	25	226	28	1
226	25	226	35	2
226	25	226	36	12
226	25	226	45	1
226	25	226	46	2
226	25	226	49	1
226	25	226	59	1
226	25	226	65	4
226	25	226	69	1
226	25	226	71	1
226	25	226	73	2
226	25	226	74	1
226	25	247	1	1
226	26	39	16	3
226	26	106	8	2
226	26	106	10	11
226	26	106	21	4
226	26	123	13	6
226	26	136	9	2
226	26	136	12	7
226	26	154	8	5
226	26	154	14	2
226	26	177	28	1
226	26	177	40	1
226	26	177	47	7
226	26	203	0	9
226	26	226	3	565
226	26	226	5	4
226	26	226	8	4
226	26	226	9	60
226	26	226	10	2
226	26	226	11	16
226	26	226	12	1
226	26	226	15	7
226	26	226	16	15
226	26	226	18	12
226	26	226	19	1
226	26	226	21	2
226	26	226	23	11
226	26	226	25	4
226	26	226	28	11
226	26	226	29	3
226	26	226	30	1
226	26	226	31	1
226	26	226	35	25
226	26	226	36	89
226	26	226	37	2
226	26	226	40	1
226	26	226	41	5
226	26	226	43	5
226	26	226	45	10
226	26	226	47	1
226	26	226	50	1
226	26	226	52	1
226	26	226	53	2
226	26	226	56	2
226	26	226	57	4
226	26	226	58	2
226	26	226	60	1
226	26	226	65	15
226	26	226	66	1
226	26	226	70	1
226	26	226	72	1
226	26	226	73	12
226	26	226	77	1
226	26	247	1	1
226	26	247	2	5
226	26	247	4	1
226	27	226	3	3
226	27	226	16	5
226	27	226	19	1
226	27	226	23	1
226	27	226	34	1
226	27	226	35	6
226	27	226	36	1
226	27	226	55	3
226	27	226	57	1
226	27	226	65	2
226	27	226	68	1
226	27	226	69	1
226	27	226	73	2
226	27	247	2	1
226	28	123	4	1
226	28	136	12	2
226	28	177	47	1
226	28	203	0	2
226	28	226	3	108
226	28	226	4	1
226	28	226	5	5
226	28	226	8	1
226	28	226	9	28
226	28	226	10	1
226	28	226	11	7
226	28	226	13	1
226	28	226	16	52
226	28	226	18	2
226	28	226	19	1
226	28	226	20	1
226	28	226	21	3
226	28	226	23	7
226	28	226	25	1
226	28	226	26	11
226	28	226	29	2
226	28	226	30	1
226	28	226	31	1
226	28	226	34	4
226	28	226	35	4
226	28	226	36	29
226	28	226	37	2
226	28	226	41	9
226	28	226	42	3
226	28	226	45	7
226	28	226	46	3
226	28	226	52	2
226	28	226	53	2
226	28	226	54	1
226	28	226	56	2
226	28	226	57	1
226	28	226	59	1
226	28	226	60	1
226	28	226	62	1
226	28	226	65	9
226	28	226	66	2
226	28	226	68	2
226	28	226	69	4
226	28	226	71	2
226	28	226	73	13
226	28	226	74	2
226	29	106	10	1
226	29	226	3	11
226	29	226	9	1
226	29	226	11	3
226	29	226	15	1
226	29	226	16	3
226	29	226	26	3
226	29	226	28	2
226	29	226	30	2
226	29	226	45	3
226	29	226	53	1
226	29	226	60	1
226	29	226	66	2
226	29	226	69	1
226	29	226	74	1
226	29	226	75	1
226	29	226	76	1
226	29	247	2	1
226	30	106	10	1
226	30	136	1	1
226	30	136	9	1
226	30	136	12	1
226	30	177	47	1
226	30	203	0	1
226	30	226	3	34
226	30	226	9	4
226	30	226	11	4
226	30	226	15	1
226	30	226	16	8
226	30	226	17	1
226	30	226	18	1
226	30	226	21	1
226	30	226	26	1
226	30	226	28	1
226	30	226	29	2
226	30	226	35	1
226	30	226	36	5
226	30	226	38	1
226	30	226	40	1
226	30	226	45	1
226	30	226	49	1
226	30	226	57	2
226	30	226	65	20
226	30	226	68	1
226	30	226	71	1
226	30	226	74	2
226	31	226	3	9
226	31	226	9	6
226	31	226	26	1
226	31	226	28	1
226	31	226	45	2
226	32	39	16	1
226	32	106	10	1
226	32	226	3	5
226	32	226	16	1
226	32	226	37	2
226	32	226	43	1
226	32	226	65	8
226	32	226	77	1
226	33	226	16	1
226	34	226	3	2
226	34	226	5	2
226	34	226	8	1
226	34	226	9	2
226	34	226	10	1
226	34	226	11	1
226	34	226	16	6
226	34	226	18	1
226	34	226	19	1
226	34	226	20	1
226	34	226	23	3
226	34	226	27	1
226	34	226	28	4
226	34	226	41	1
226	34	226	45	1
226	34	226	52	1
226	34	226	53	1
226	34	226	57	2
226	34	226	65	1
226	34	226	69	1
226	35	39	13	1
226	35	39	16	13
226	35	106	8	13
226	35	106	10	10
226	35	106	12	1
226	35	106	23	1
226	35	106	24	1
226	35	106	32	1
226	35	123	4	1
226	35	123	13	7
226	35	136	4	1
226	35	136	9	1
226	35	136	10	1
226	35	136	12	11
226	35	154	8	3
226	35	154	14	3
226	35	177	28	1
226	35	177	36	2
226	35	177	47	8
226	35	203	0	4
226	35	226	3	339
226	35	226	8	1
226	35	226	9	30
226	35	226	10	20
226	35	226	11	11
226	35	226	15	2
226	35	226	16	27
226	35	226	18	7
226	35	226	19	1
226	35	226	21	1
226	35	226	23	3
226	35	226	25	2
226	35	226	26	25
226	35	226	27	6
226	35	226	28	4
226	35	226	30	1
226	35	226	36	20
226	35	226	37	2
226	35	226	40	1
226	35	226	41	5
226	35	226	42	1
226	35	226	45	15
226	35	226	46	2
226	35	226	47	1
226	35	226	48	9
226	35	226	50	1
226	35	226	52	2
226	35	226	53	3
226	35	226	55	13
226	35	226	56	2
226	35	226	57	5
226	35	226	59	2
226	35	226	62	4
226	35	226	65	25
226	35	226	68	1
226	35	226	69	1
226	35	226	70	3
226	35	226	71	2
226	35	226	73	13
226	35	226	74	2
226	35	226	77	1
226	35	247	1	1
226	35	247	2	10
226	35	247	3	1
226	35	247	4	3
226	36	35	2	1
226	36	39	16	4
226	36	39	22	1
226	36	106	4	1
226	36	106	8	4
226	36	106	10	5
226	36	106	12	3
226	36	106	32	1
226	36	123	13	2
226	36	136	1	1
226	36	136	2	1
226	36	136	9	3
226	36	136	12	24
226	36	154	8	1
226	36	154	14	1
226	36	177	13	1
226	36	177	17	1
226	36	177	25	2
226	36	177	28	2
226	36	177	40	4
226	36	177	47	7
226	36	177	82	1
226	36	203	0	18
226	36	226	2	1
226	36	226	3	802
226	36	226	5	2
226	36	226	8	11
226	36	226	9	62
226	36	226	10	3
226	36	226	11	30
226	36	226	12	1
226	36	226	15	10
226	36	226	16	73
226	36	226	20	2
226	36	226	21	2
226	36	226	23	12
226	36	226	25	12
226	36	226	26	89
226	36	226	27	1
226	36	226	28	29
226	36	226	30	5
226	36	226	35	20
226	36	226	37	1
226	36	226	41	8
226	36	226	42	2
226	36	226	45	20
226	36	226	46	5
226	36	226	47	1
226	36	226	48	2
226	36	226	53	3
226	36	226	55	1
226	36	226	57	5
226	36	226	58	1
226	36	226	63	1
226	36	226	65	68
226	36	226	67	1
226	36	226	68	2
226	36	226	69	5
226	36	226	70	8
226	36	226	71	1
226	36	226	72	1
226	36	226	73	17
226	36	226	74	1
226	36	226	76	1
226	36	226	77	1
226	36	247	1	5
226	36	247	2	12
226	36	247	4	8
226	36	247	5	3
226	36	247	6	1
226	37	203	0	1
226	37	226	3	11
226	37	226	4	2
226	37	226	9	1
226	37	226	15	1
226	37	226	16	1
226	37	226	26	2
226	37	226	28	2
226	37	226	32	2
226	37	226	35	2
226	37	226	36	1
226	37	226	40	2
226	37	226	45	1
226	37	226	55	1
226	37	226	65	13
226	37	226	68	1
226	37	226	73	1
226	37	226	77	1
226	38	136	12	1
226	38	226	3	3
226	38	226	30	1
226	38	226	71	1
226	40	226	3	14
226	40	226	9	1
226	40	226	12	1
226	40	226	23	2
226	40	226	26	1
226	40	226	30	1
226	40	226	35	1
226	40	226	37	2
226	40	226	65	16
226	40	226	71	1
226	41	106	8	3
226	41	136	1	1
226	41	136	9	1
226	41	136	12	3
226	41	177	40	1
226	41	226	3	30
226	41	226	5	2
226	41	226	8	5
226	41	226	9	31
226	41	226	10	4
226	41	226	11	4
226	41	226	16	8
226	41	226	18	2
226	41	226	19	1
226	41	226	23	4
226	41	226	26	5
226	41	226	28	9
226	41	226	34	1
226	41	226	35	5
226	41	226	36	8
226	41	226	45	20
226	41	226	48	3
226	41	226	52	2
226	41	226	53	2
226	41	226	57	1
226	41	226	65	12
226	41	226	73	2
226	41	226	76	2
226	42	226	3	7
226	42	226	5	3
226	42	226	16	3
226	42	226	21	3
226	42	226	23	1
226	42	226	28	3
226	42	226	35	1
226	42	226	36	2
226	42	226	62	1
226	43	106	8	1
226	43	123	12	1
226	43	136	12	1
226	43	203	0	1
226	43	226	3	15
226	43	226	11	2
226	43	226	15	1
226	43	226	26	5
226	43	226	32	1
226	43	226	52	1
226	43	226	53	1
226	43	226	65	2
226	44	177	40	1
226	44	226	3	1
226	44	226	16	1
226	44	226	45	1
226	45	39	16	1
226	45	106	10	1
226	45	123	8	1
226	45	136	5	1
226	45	136	7	2
226	45	136	9	1
226	45	136	10	1
226	45	136	12	12
226	45	154	14	1
226	45	203	0	2
226	45	226	3	134
226	45	226	5	3
226	45	226	8	1
226	45	226	9	43
226	45	226	10	3
226	45	226	11	4
226	45	226	15	1
226	45	226	16	33
226	45	226	18	1
226	45	226	19	1
226	45	226	20	1
226	45	226	23	4
226	45	226	25	1
226	45	226	26	10
226	45	226	28	7
226	45	226	29	3
226	45	226	30	1
226	45	226	31	2
226	45	226	34	1
226	45	226	35	15
226	45	226	36	20
226	45	226	37	1
226	45	226	41	20
226	45	226	44	1
226	45	226	48	1
226	45	226	51	1
226	45	226	52	3
226	45	226	53	2
226	45	226	57	3
226	45	226	65	7
226	45	226	66	1
226	45	226	68	1
226	45	226	69	1
226	45	226	70	4
226	45	226	73	4
226	45	226	76	7
226	45	247	2	1
226	46	106	12	1
226	46	136	12	2
226	46	154	14	1
226	46	226	3	26
226	46	226	9	3
226	46	226	11	3
226	46	226	16	3
226	46	226	18	1
226	46	226	25	2
226	46	226	28	3
226	46	226	35	2
226	46	226	36	5
226	46	226	57	1
226	46	226	59	1
226	46	226	65	3
226	46	226	69	2
226	46	226	71	1
226	46	226	73	1
226	46	247	2	1
226	47	226	3	6
226	47	226	9	1
226	47	226	16	1
226	47	226	26	1
226	47	226	35	1
226	47	226	36	1
226	47	226	73	1
226	47	247	2	1
226	48	39	16	1
226	48	106	8	2
226	48	106	10	1
226	48	177	8	1
226	48	177	47	1
226	48	226	3	16
226	48	226	9	2
226	48	226	10	3
226	48	226	11	1
226	48	226	12	1
226	48	226	16	6
226	48	226	17	1
226	48	226	19	1
226	48	226	23	1
226	48	226	35	9
226	48	226	36	2
226	48	226	41	3
226	48	226	45	1
226	48	226	52	1
226	48	226	53	2
226	48	226	65	13
226	48	226	68	1
226	48	226	73	6
226	48	247	6	1
226	49	106	10	1
226	49	226	3	3
226	49	226	9	1
226	49	226	16	1
226	49	226	23	1
226	49	226	25	1
226	49	226	30	1
226	49	226	65	1
226	49	226	73	1
226	49	247	1	1
226	50	226	3	10
226	50	226	9	1
226	50	226	11	2
226	50	226	18	1
226	50	226	26	1
226	50	226	35	1
226	51	123	13	1
226	51	136	9	1
226	51	136	12	1
226	51	154	14	1
226	51	203	0	1
226	51	226	3	7
226	51	226	45	1
226	51	226	62	1
226	51	226	73	1
226	52	226	3	15
226	52	226	4	1
226	52	226	5	1
226	52	226	8	1
226	52	226	9	2
226	52	226	10	1
226	52	226	11	1
226	52	226	12	1
226	52	226	15	1
226	52	226	16	2
226	52	226	18	1
226	52	226	19	1
226	52	226	20	1
226	52	226	23	1
226	52	226	26	1
226	52	226	28	2
226	52	226	34	1
226	52	226	35	2
226	52	226	41	2
226	52	226	43	1
226	52	226	45	3
226	52	226	48	1
226	52	226	53	1
226	52	226	57	1
226	52	226	65	2
226	53	39	16	1
226	53	106	2	1
226	53	106	10	1
226	53	106	12	3
226	53	136	7	1
226	53	136	12	1
226	53	203	0	1
226	53	226	3	24
226	53	226	5	1
226	53	226	8	2
226	53	226	9	3
226	53	226	10	2
226	53	226	11	5
226	53	226	12	2
226	53	226	16	4
226	53	226	17	1
226	53	226	18	2
226	53	226	19	1
226	53	226	23	1
226	53	226	26	2
226	53	226	28	2
226	53	226	29	1
226	53	226	34	1
226	53	226	35	3
226	53	226	36	3
226	53	226	41	2
226	53	226	43	1
226	53	226	45	2
226	53	226	48	2
226	53	226	52	1
226	53	226	54	1
226	53	226	57	2
226	53	226	65	2
226	53	226	74	1
226	53	247	6	1
226	54	106	2	1
226	54	106	12	1
226	54	136	7	1
226	54	203	0	1
226	54	226	3	6
226	54	226	9	2
226	54	226	10	1
226	54	226	16	3
226	54	226	17	1
226	54	226	18	1
226	54	226	24	1
226	54	226	28	1
226	54	226	53	1
226	54	226	57	1
226	54	226	73	1
226	55	226	3	5
226	55	226	9	1
226	55	226	10	1
226	55	226	15	1
226	55	226	27	3
226	55	226	35	13
226	55	226	36	1
226	55	226	37	1
226	56	136	12	1
226	56	226	3	16
226	56	226	5	1
226	56	226	8	1
226	56	226	9	1
226	56	226	16	9
226	56	226	18	1
226	56	226	26	2
226	56	226	28	2
226	56	226	35	2
226	56	226	69	1
226	56	226	73	3
226	56	226	74	2
226	57	226	3	30
226	57	226	5	1
226	57	226	8	1
226	57	226	9	6
226	57	226	10	1
226	57	226	11	1
226	57	226	16	7
226	57	226	18	1
226	57	226	19	2
226	57	226	20	3
226	57	226	23	1
226	57	226	26	4
226	57	226	27	1
226	57	226	28	1
226	57	226	30	2
226	57	226	34	2
226	57	226	35	5
226	57	226	36	5
226	57	226	41	1
226	57	226	45	3
226	57	226	46	1
226	57	226	52	1
226	57	226	53	2
226	57	226	54	1
226	57	226	65	2
226	57	226	68	1
226	57	226	73	1
226	58	226	3	3
226	58	226	8	1
226	58	226	26	2
226	58	226	36	1
226	59	226	3	1
226	59	226	25	1
226	59	226	28	1
226	59	226	35	2
226	59	226	46	1
226	59	226	71	1
226	59	226	73	1
226	60	226	3	8
226	60	226	9	1
226	60	226	11	1
226	60	226	16	2
226	60	226	26	1
226	60	226	28	1
226	60	226	29	1
226	60	226	65	1
226	60	226	66	2
226	60	226	72	1
226	61	226	3	1
226	61	226	65	2
226	62	123	13	1
226	62	154	14	1
226	62	226	3	4
226	62	226	9	1
226	62	226	16	2
226	62	226	28	1
226	62	226	35	4
226	62	226	42	1
226	62	226	51	1
226	62	226	73	1
226	63	226	3	3
226	63	226	36	1
226	65	39	16	2
226	65	106	8	5
226	65	106	10	3
226	65	106	11	1
226	65	106	12	1
226	65	106	22	1
226	65	106	26	1
226	65	106	33	2
226	65	123	13	4
226	65	136	1	1
226	65	136	3	2
226	65	136	9	64
226	65	136	11	1
226	65	136	12	25
226	65	136	13	1
226	65	154	1	2
226	65	154	8	2
226	65	154	9	1
226	65	154	14	1
226	65	177	17	1
226	65	177	24	2
226	65	177	25	1
226	65	177	36	1
226	65	177	40	1
226	65	177	47	15
226	65	177	82	1
226	65	203	0	24
226	65	226	3	284
226	65	226	5	2
226	65	226	8	6
226	65	226	9	68
226	65	226	10	4
226	65	226	11	10
226	65	226	12	2
226	65	226	15	2
226	65	226	16	58
226	65	226	17	1
226	65	226	18	4
226	65	226	19	2
226	65	226	20	2
226	65	226	21	1
226	65	226	23	3
226	65	226	25	4
226	65	226	26	15
226	65	226	27	2
226	65	226	28	9
226	65	226	30	20
226	65	226	32	8
226	65	226	34	1
226	65	226	35	25
226	65	226	36	68
226	65	226	37	13
226	65	226	40	16
226	65	226	41	12
226	65	226	43	2
226	65	226	45	7
226	65	226	46	3
226	65	226	48	13
226	65	226	49	1
226	65	226	52	2
226	65	226	53	2
226	65	226	57	2
226	65	226	60	1
226	65	226	61	2
226	65	226	66	2
226	65	226	68	10
226	65	226	70	1
226	65	226	71	6
226	65	226	73	8
226	65	226	74	1
226	65	226	77	16
226	65	247	1	2
226	65	247	2	2
226	65	247	4	3
226	65	247	6	1
226	66	136	12	2
226	66	226	3	4
226	66	226	9	1
226	66	226	26	1
226	66	226	28	2
226	66	226	29	2
226	66	226	45	1
226	66	226	60	2
226	66	226	65	2
226	66	226	69	1
226	67	226	3	3
226	67	226	11	1
226	67	226	16	2
226	67	226	36	1
226	67	226	73	1
226	68	136	12	3
226	68	154	14	1
226	68	226	3	15
226	68	226	10	1
226	68	226	19	1
226	68	226	27	1
226	68	226	28	2
226	68	226	30	1
226	68	226	35	1
226	68	226	36	2
226	68	226	37	1
226	68	226	45	1
226	68	226	48	1
226	68	226	57	1
226	68	226	65	10
226	68	226	73	2
226	68	226	74	1
226	69	226	3	16
226	69	226	4	2
226	69	226	7	1
226	69	226	9	2
226	69	226	11	5
226	69	226	16	17
226	69	226	23	5
226	69	226	25	1
226	69	226	27	1
226	69	226	28	4
226	69	226	29	1
226	69	226	34	1
226	69	226	35	1
226	69	226	36	5
226	69	226	45	1
226	69	226	46	2
226	69	226	56	1
226	69	226	66	1
226	69	226	74	3
226	70	39	12	1
226	70	39	16	4
226	70	106	8	2
226	70	106	22	1
226	70	106	23	1
226	70	123	13	5
226	70	154	4	1
226	70	154	14	1
226	70	203	0	8
226	70	226	3	54
226	70	226	9	4
226	70	226	16	3
226	70	226	20	1
226	70	226	26	1
226	70	226	35	3
226	70	226	36	8
226	70	226	45	4
226	70	226	65	1
226	70	247	1	1
226	70	247	2	2
226	70	247	4	1
226	71	106	15	1
226	71	136	12	1
226	71	203	0	1
226	71	226	3	8
226	71	226	9	1
226	71	226	11	2
226	71	226	16	1
226	71	226	25	1
226	71	226	28	2
226	71	226	30	1
226	71	226	35	2
226	71	226	36	1
226	71	226	38	1
226	71	226	40	1
226	71	226	46	1
226	71	226	59	1
226	71	226	65	6
226	71	226	73	1
226	72	226	3	5
226	72	226	9	1
226	72	226	11	1
226	72	226	23	1
226	72	226	26	1
226	72	226	36	1
226	72	226	60	1
226	72	226	73	1
226	73	39	16	2
226	73	106	10	1
226	73	106	12	1
226	73	123	13	1
226	73	136	9	1
226	73	177	40	2
226	73	177	47	1
226	73	203	0	1
226	73	226	3	78
226	73	226	4	1
226	73	226	9	13
226	73	226	10	4
226	73	226	11	3
226	73	226	12	1
226	73	226	16	35
226	73	226	21	2
226	73	226	23	1
226	73	226	25	2
226	73	226	26	12
226	73	226	27	2
226	73	226	28	13
226	73	226	35	13
226	73	226	36	17
226	73	226	37	1
226	73	226	41	2
226	73	226	45	4
226	73	226	46	1
226	73	226	47	1
226	73	226	48	6
226	73	226	49	1
226	73	226	51	1
226	73	226	54	1
226	73	226	56	3
226	73	226	57	1
226	73	226	59	1
226	73	226	62	1
226	73	226	65	8
226	73	226	67	1
226	73	226	68	2
226	73	226	71	1
226	73	226	72	1
226	73	226	74	2
226	73	247	1	2
226	73	247	2	1
226	74	123	13	1
226	74	203	0	1
226	74	226	3	17
226	74	226	4	2
226	74	226	9	2
226	74	226	10	1
226	74	226	11	3
226	74	226	16	13
226	74	226	18	3
226	74	226	20	1
226	74	226	21	1
226	74	226	23	2
226	74	226	25	1
226	74	226	28	2
226	74	226	29	1
226	74	226	30	2
226	74	226	35	2
226	74	226	36	1
226	74	226	53	1
226	74	226	56	2
226	74	226	65	1
226	74	226	68	1
226	74	226	69	3
226	74	226	73	2
226	75	226	29	1
226	76	226	3	7
226	76	226	9	3
226	76	226	16	1
226	76	226	29	1
226	76	226	36	1
226	76	226	41	2
226	76	226	45	7
226	77	154	8	1
226	77	226	3	5
226	77	226	9	1
226	77	226	16	2
226	77	226	26	1
226	77	226	32	1
226	77	226	35	1
226	77	226	36	1
226	77	226	37	1
226	77	226	65	16
247	1	39	16	9
247	1	106	2	1
247	1	106	8	4
247	1	106	10	5
247	1	123	13	2
247	1	136	2	1
247	1	136	9	2
247	1	136	10	2
247	1	136	11	1
247	1	136	12	9
247	1	136	13	1
247	1	154	14	1
247	1	177	28	1
247	1	177	36	1
247	1	177	40	4
247	1	177	43	2
247	1	177	46	1
247	1	177	47	10
247	1	177	55	1
247	1	177	81	1
247	1	203	0	10
247	1	226	3	20
247	1	226	9	2
247	1	226	10	1
247	1	226	16	3
247	1	226	25	1
247	1	226	26	1
247	1	226	35	1
247	1	226	36	5
247	1	226	49	1
247	1	226	65	2
247	1	226	70	1
247	1	226	73	2
247	1	247	2	114
247	1	247	3	11
247	1	247	4	132
247	1	247	5	17
247	1	247	6	14
247	2	35	2	1
247	2	39	16	37
247	2	106	2	1
247	2	106	4	2
247	2	106	8	42
247	2	106	10	26
247	2	106	11	1
247	2	106	12	4
247	2	106	21	2
247	2	106	22	2
247	2	106	26	1
247	2	106	33	3
247	2	123	12	2
247	2	123	13	26
247	2	136	1	2
247	2	136	2	1
247	2	136	3	3
247	2	136	9	2
247	2	136	10	2
247	2	136	11	2
247	2	136	12	26
247	2	136	13	1
247	2	154	8	3
247	2	154	14	12
247	2	177	13	1
247	2	177	15	1
247	2	177	25	1
247	2	177	28	1
247	2	177	36	1
247	2	177	40	6
247	2	177	46	1
247	2	177	47	42
247	2	177	51	1
247	2	177	55	2
247	2	177	72	1
247	2	177	81	1
247	2	203	0	27
247	2	226	3	70
247	2	226	9	14
247	2	226	10	1
247	2	226	11	1
247	2	226	16	14
247	2	226	18	1
247	2	226	23	1
247	2	226	26	5
247	2	226	27	1
247	2	226	29	1
247	2	226	35	10
247	2	226	36	12
247	2	226	45	1
247	2	226	46	1
247	2	226	47	1
247	2	226	65	2
247	2	226	70	2
247	2	226	73	1
247	2	247	1	114
247	2	247	3	55
247	2	247	4	148
247	2	247	5	119
247	2	247	6	68
247	2	247	7	3
247	2	247	8	9
247	3	106	8	1
247	3	123	13	1
247	3	136	12	1
247	3	177	40	1
247	3	203	0	1
247	3	226	35	1
247	3	247	1	11
247	3	247	2	55
247	3	247	4	12
247	3	247	5	19
247	3	247	6	7
247	4	39	2	1
247	4	39	12	1
247	4	39	13	2
247	4	39	16	19
247	4	39	21	1
247	4	39	23	1
247	4	106	1	1
247	4	106	2	1
247	4	106	8	15
247	4	106	10	7
247	4	106	26	1
247	4	106	33	2
247	4	123	8	1
247	4	123	13	10
247	4	136	7	1
247	4	136	9	2
247	4	136	10	1
247	4	136	12	15
247	4	154	14	5
247	4	177	25	1
247	4	177	28	2
247	4	177	34	1
247	4	177	40	2
247	4	177	41	1
247	4	177	43	1
247	4	177	47	14
247	4	203	0	35
247	4	226	3	50
247	4	226	9	3
247	4	226	16	3
247	4	226	26	1
247	4	226	35	3
247	4	226	36	8
247	4	226	65	3
247	4	226	70	1
247	4	247	1	132
247	4	247	2	148
247	4	247	3	12
247	4	247	5	28
247	4	247	6	32
247	4	247	8	6
247	5	39	16	1
247	5	106	10	4
247	5	123	12	1
247	5	136	12	2
247	5	177	40	1
247	5	203	0	2
247	5	226	3	2
247	5	226	16	2
247	5	226	36	3
247	5	247	1	17
247	5	247	2	119
247	5	247	3	19
247	5	247	4	28
247	5	247	6	15
247	5	247	8	1
247	6	39	16	3
247	6	106	8	1
247	6	123	12	1
247	6	123	13	1
247	6	136	9	2
247	6	136	12	3
247	6	154	9	1
247	6	154	14	1
247	6	177	40	1
247	6	177	43	1
247	6	177	47	1
247	6	203	0	4
247	6	226	3	3
247	6	226	9	1
247	6	226	36	1
247	6	226	48	1
247	6	226	53	1
247	6	226	65	1
247	6	247	1	14
247	6	247	2	68
247	6	247	3	7
247	6	247	4	32
247	6	247	5	15
247	6	247	8	2
247	7	247	2	3
247	8	106	10	1
247	8	136	12	3
247	8	177	47	2
247	8	226	3	1
247	8	247	2	9
247	8	247	4	6
247	8	247	5	1
247	8	247	6	2
